RT (min),Intensity_mz_695.3790,Intensity_mz_678.3508,Intensity_mz_700.3328
0.00370683,0,0,0
0.015564964,0,0,0
0.025314865,0,0,0
0.034039865,0,0,0
0.042762663,0,0,0
0.05148773,0,0,0
0.060212562,0,0,0
0.068937597,0,0,0
0.077660395,0,0,0
0.086385295,0,0,0
0.095110263,0,0,0
0.10383523,0,0,0
0.11255808,0,0,0
0.12128311,0,0,0
0.13000793,0,0,0
0.13873081,0,0,0
0.14745575,0,0,0
0.15618071,0,0,0
0.16490563,0,0,0
0.17362868,0,0,0
0.18235343,0,0,0
0.1910785,0,0,0
0.19980333,0,0,0
0.2085263,0,0,0
0.21725113,0,0,0
0.22597612,0,0,0
0.23469893,0,0,0
0.243424,0,0,0
0.25214883,0,0,0
0.26087411,0,0,0
0.26959677,0,0,0
0.2783216,0,0,0
0.28704653,0,0,0
0.29577154,0,0,0
0.30449433,0,0,0
0.31321941,0,0,0
0.32194421,0,0,0
0.33066716,0,0,0
0.33939203,0,0,0
0.34811701,0,0,0
0.35684193,0,924.5437012,0
0.36556491,0,0,0
0.37428973,0,0,0
0.38301476,0,0,0
0.39173963,0,0,0
0.40046253,0,0,0
0.40918743,0,0,0
0.41791241,0,0,0
0.42663731,0,0,0
0.43536019,0,0,0
0.44408513,0,0,0
0.45281016,0,0,0
0.46153293,0,0,0
0.47025793,0,0,0
0.47898281,0,0,0
0.48770782,0,0,0
0.49643063,0,0,0
0.50515561,0,0,0
0.51388051,0,0,0
0.52260551,0,0,0
0.53132831,0,0,0
0.54005328,0,0,0
0.54877823,0,0,0
0.5575011,0,0,0
0.56622602,0,0,0
0.57495099,0,0,0
0.58367591,0,0,0
0.59239905,0,0,0
0.60112371,0,0,0
0.6098487,0,0,0
0.61857361,0,0,0
0.6272965,0,0,0
0.63602141,0,0,0
0.6447464,0,0,0
0.65347133,0,0,0
0.6621942,32156.62109,0,0
0.67091911,86371.54688,0,0
0.6796441,72457.44531,0,0
0.68836693,60196.75391,0,0
0.69709191,57918.80859,0,0
0.7058168,36131.60938,0,0
0.7145418,0,0,0
0.72326463,0,0,0
0.73198958,0,0,0
0.74071453,0,0,0
0.74943948,0,0,0
0.7581623,0,0,0
0.76688748,0,0,0
0.77561221,0,0,0
0.78433513,0,0,0
0.79306001,0,0,0
0.801785,0,0,0
0.8105099,0,0,0
0.8192328,0,0,0
0.8279577,0,0,0
0.83668273,0,0,0
0.84540761,0,0,0
0.85413048,0,0,0
0.8628554,0,0,0
0.8715804,0,0,0
0.88030528,0,0,0
0.8890282,0,0,0
0.89775311,0,0,22286.20313
0.90647808,0,0,0
0.91520089,0,0,0
0.92392588,0,29483.48633,26499.75195
0.9326508,0,0,0
0.94137576,0,25232.41992,0
0.9500986,0,0,0
0.95882358,0,0,0
0.9675485,0,0,0
0.97627348,0,0,0
0.9849963,0,0,0
0.99372128,0,33693.54297,0
1.0024462,0,0,0
1.0111712,0,0,0
1.019894,0,0,0
1.028619,0,0,0
1.0373439,0,0,0
1.0460668,0,0,0
1.0547917,0,0,0
1.0635167,0,0,0
1.0722416,0,0,0
1.0809645,0,0,0
1.0896894,0,0,0
1.0984146,0,0,0
1.1071393,0,0,0
1.1158621,0,0,0
1.1245871,0,0,0
1.1333121,0,0,0
1.142037,0,0,0
1.1507599,0,0,0
1.1594848,0,0,0
1.1682098,0,0,0
1.1769326,0,0,0
1.1856576,0,18505.44922,0
1.1943825,0,0,0
1.2031075,0,0,0
1.2118303,0,0,0
1.2205553,0,0,0
1.2292802,0,0,0
1.2380031,0,0,0
1.246728,0,19833.65039,0
1.2554529,0,0,0
1.2641779,0,18370.4043,0
1.2729008,0,0,0
1.2816257,0,0,0
1.2903507,0,0,0
1.2990756,0,0,0
1.3077984,0,0,0
1.3165234,0,0,0
1.3252483,0,0,0
1.3339733,0,0,0
1.3426962,0,0,0
1.3514211,0,0,0
1.360146,0,0,0
1.3688689,0,0,0
1.3775939,0,12930.66895,0
1.3863188,26210.87695,14874.4668,0
1.3950437,12950.14355,0,0
1.4037666,0,0,0
1.4124916,13724.16016,0,0
1.4212165,0,20626.45313,0
1.4299417,0,0,0
1.4386643,25355.67578,0,0
1.4473893,16963.05273,0,0
1.4561142,0,0,0
1.4648371,23095.31445,0,0
1.473562,15246.84375,0,0
1.4822869,14027.71094,0,0
1.4910118,0,0,0
1.4997348,0,0,0
1.5084597,29847.38672,0,0
1.5171847,19944.27539,0,0
1.5259096,20482.75391,0,0
1.5346325,0,0,0
1.5433573,0,0,0
1.5520823,0,0,0
1.5608073,0,0,0
1.5695303,0,0,0
1.5782551,0,0,0
1.58698,0,0,0
1.5957028,0,0,0
1.6044278,0,0,0
1.6131528,0,0,0
1.6218777,0,0,0
1.6306006,0,0,0
1.6393255,0,0,0
1.6480504,0,0,0
1.6567754,0,0,0
1.6654983,0,0,0
1.6742235,0,0,0
1.6829481,0,0,0
1.691671,0,0,0
1.700396,0,0,0
1.7091209,0,0,0
1.7178459,0,0,0
1.7265687,0,0,0
1.7352936,0,0,0
1.7440186,0,0,0
1.7527436,0,0,0
1.7614664,0,0,0
1.7701913,0,0,0
1.7789163,0,0,0
1.7876392,0,0,0
1.7963641,0,0,0
1.805089,0,0,0
1.813814,0,0,0
1.8225369,0,0,0
1.8312618,0,0,0
1.8399867,0,0,0
1.8487118,0,0,0
1.8574345,0,19467.82031,0
1.8661595,0,15846.35938,0
1.8748844,0,12494.60156,0
1.8836073,0,22823.45508,0
1.8923322,0,10971.05469,0
1.9010572,0,0,0
1.9097821,0,0,0
1.918505,0,0,0
1.9272299,0,0,0
1.9359549,0,0,0
1.9446798,0,8632.266602,0
1.9534027,0,0,0
1.9621276,0,0,0
1.9708526,0,0,0
1.9795775,0,0,0
1.9883004,0,24454.91797,0
1.9970253,0,0,0
2.0057503,0,0,0
2.0144731,0,0,0
2.0231981,0,0,0
2.031923,0,0,0
2.040648,0,0,0
2.0493708,0,0,0
2.0580958,0,0,0
2.0668207,0,0,0
2.0755457,0,0,0
2.0842685,0,0,0
2.0929935,0,0,0
2.1017184,0,0,0
2.1104413,0,0,0
2.1191662,0,0,0
2.1278912,0,0,0
2.1366161,0,0,0
2.145339,0,0,0
2.1540639,0,0,0
2.1627889,0,0,0
2.1715138,0,0,0
2.1802367,0,0,0
2.1889616,0,0,0
2.1976866,0,0,0
2.2064094,0,0,0
2.2151344,0,0,0
2.2238593,0,0,0
2.2325843,0,0,0
2.2413071,0,0,0
2.2500321,0,0,0
2.258757,0,0,0
2.2674822,0,0,0
2.2762048,0,0,0
2.2849299,0,0,0
2.2936547,0,0,0
2.3023776,0,0,0
2.3111025,0,0,0
2.3198275,0,0,0
2.3285524,0,0,0
2.3372753,0,0,0
2.3460002,0,0,0
2.3547252,0,0,0
2.3634501,0,0,0
2.372173,0,0,0
2.3808979,0,0,0
2.3896229,0,0,0
2.3983457,0,0,0
2.4070707,0,0,0
2.4157956,0,0,0
2.4245206,0,0,0
2.4332434,0,0,0
2.4419684,0,0,0
2.4506933,0,0,0
2.4594183,0,0,0
2.4681411,0,0,0
2.4768661,0,0,0
2.485591,0,0,0
2.4943139,0,0,0
2.5030388,23975.81836,23489.00586,0
2.5117638,0,0,0
2.5204887,26260.37891,15670.47949,0
2.5292116,28427.20703,0,0
2.5379365,34882.13281,0,0
2.5466615,35956.33984,0,0
2.5553864,45046.92969,0,0
2.5641093,0,0,0
2.5728342,22603.16992,0,17371.5957
2.5815592,0,0,0
2.590282,45366.74609,0,0
2.599007,30512.29688,0,0
2.6077319,0,0,0
2.6164568,25705.79688,0,0
2.6251798,0,0,0
2.6339046,0,0,0
2.6426296,0,0,0
2.6513545,0,41080.51172,0
2.6600774,37371.64453,0,0
2.6688024,0,0,0
2.6775273,0,0,0
2.6862502,0,0,0
2.6949751,0,0,0
2.7037,0,0,0
2.712425,0,0,0
2.7211478,0,25620.54297,0
2.7298728,0,0,0
2.7385977,35451.16797,0,0
2.7473227,0,0,0
2.7560455,0,0,0
2.7647705,0,0,0
2.7734954,0,0,0
2.7822204,0,0,0
2.7909432,0,0,0
2.7996682,0,0,0
2.8083931,0,0,0
2.817116,0,0,0
2.8258409,0,0,0
2.8345659,0,0,0
2.8432908,0,0,0
2.8520137,0,0,0
2.8607386,0,0,0
2.8694637,0,0,0
2.8781885,41467.87891,0,0
2.8869114,0,0,0
2.8956363,86357.10156,0,0
2.9043613,72171.92188,0,0
2.9130862,53883.68359,0,0
2.9218091,0,0,0
2.930534,0,0,0
2.939259,0,0,0
2.9479818,0,70965.71094,0
2.9567068,0,0,0
2.9654317,0,0,0
2.9741567,0,0,0
2.9828796,0,0,0
2.9916045,0,0,0
3.0003294,0,0,0
3.0090544,0,0,0
3.0177772,0,0,0
3.0265022,0,0,0
3.0352271,0,0,0
3.0439521,0,0,0
3.0526749,0,0,0
3.0613999,0,0,0
3.0701248,0,0,0
3.0788477,0,0,43974.03125
3.0875726,0,0,37849.15625
3.0962977,0,0,0
3.1050225,0,29438.32422,36483.82031
3.1137454,0,59959.69922,0
3.1224703,0,0,0
3.1311953,0,0,0
3.1399202,0,0,0
3.1486431,0,0,0
3.157368,0,0,0
3.166093,0,0,0
3.1748158,0,0,0
3.183541,0,0,0
3.1922657,0,0,0
3.2009907,0,0,0
3.2097136,0,0,0
3.2184385,0,0,0
3.2271634,0,0,0
3.2358884,0,0,0
3.2446112,0,0,0
3.2533362,0,0,0
3.2620611,0,0,0
3.270784,0,0,0
3.2795089,0,0,0
3.2882339,0,0,0
3.2969588,0,115693.5078,96615.34375
3.3056817,0,0,127195.5234
3.3144066,0,0,0
3.3231316,0,0,0
3.3318565,0,0,0
3.3405794,0,0,69733.17188
3.3493043,0,46162.07422,0
3.3580293,0,61236.26172,0
3.3667542,0,0,50902.95313
3.3754771,0,0,0
3.384202,0,0,0
3.392927,53138.66406,0,45982.5625
3.4016498,107517.75,0,0
3.4103748,0,0,0
3.4190997,0,0,0
3.4278247,0,0,0
3.4365475,0,0,0
3.4452725,0,0,0
3.4539974,0,0,0
3.4627224,191615.9531,0,0
3.4714452,0,0,0
3.4801702,0,0,0
3.4888951,0,0,0
3.497618,0,0,0
3.5063429,0,0,0
3.5150681,0,0,0
3.5237928,0,0,0
3.5325157,0,0,0
3.5412406,81084.4375,0,0
3.5499656,94877.28125,0,0
3.5586905,121144.7578,0,0
3.5674134,101188.9375,61263.28125,0
3.5761383,68446.125,0,0
3.5848634,0,0,0
3.5935882,71201.96094,0,0
3.6023111,0,0,0
3.611036,0,0,0
3.619761,0,99319.52344,0
3.6284838,0,85621.16406,0
3.6372088,0,0,0
3.6459337,0,0,0
3.6546586,0,0,0
3.6633815,0,0,0
3.6721065,0,0,0
3.6808314,0,0,0
3.6895564,0,0,0
3.6982792,0,51200.05078,0
3.7070042,48811.26172,0,0
3.7157291,0,0,0
3.724452,0,0,134727.2656
3.7331769,0,0,0
3.7419019,0,0,0
3.7506268,0,0,0
3.7593497,0,0,0
3.7680746,0,0,0
3.7767996,0,0,0
3.7855245,0,0,0
3.7942473,0,0,0
3.8029723,0,0,0
3.8116972,0,0,0
3.8204222,0,0,0
3.8291451,0,0,168581.5781
3.83787,113426.4609,0,0
3.8465952,578653.75,0,377139.6563
3.8553178,904243.375,0,443135.1875
3.8640428,625348.875,0,192404.1875
3.8727677,528539.375,0,159279.9063
3.8814927,519863.3125,0,157862.1563
3.8902155,964150.1875,0,313605.3125
3.8989405,714902.25,70230.78125,296292.8438
3.9076654,341596.8438,0,182502.2969
3.9163903,76645.4375,0,54015.96484
3.9251132,121050.8047,0,0
3.9338381,133650.0313,0,0
3.9425631,72114.46094,149810.625,0
3.951286,0,78811.10938,0
3.9600109,0,0,0
3.9687359,0,0,0
3.9774608,0,0,0
3.9861837,174513.0469,0,0
3.9949086,0,178889.7969,0
4.0036335,0,0,0
4.0123584,87871.76563,0,0
4.0210813,84375.40625,0,0
4.0298063,103391.0469,0,0
4.0385312,0,0,0
4.0472541,128356.2656,0,0
4.055979,103143.6094,0,0
4.064704,0,0,0
4.0734289,0,0,0
4.0821518,0,0,0
4.0908767,0,0,0
4.0996017,0,73649.53906,0
4.1083266,0,80713.54688,0
4.1170495,175700.0938,0,0
4.1257744,193389.0313,0,0
4.1344994,450031.0625,108067.8672,0
4.1432243,9489837,2661220.75,3365744
4.1519471,20231930,5117277,5040589
4.1606721,24043796,7235627,6511825.5
4.1693971,19163684,4672280.5,6504041.5
4.1876847,3396938.75,873583.875,1970388
4.1975385,1326796.125,1157109.625,1318777.875
4.2062614,636940.0625,534805.9375,662718.25
4.2149864,307237.7813,391574.2813,237751.1563
4.2237113,242328.9375,288026.0938,121000.4141
4.2324363,176554.3906,164245.4219,133268.0938
4.2411591,285180.3438,155989.7344,161712.1875
4.2498841,114218.9141,55501.625,82441.36719
4.258609,126400.2344,93074.98438,92257.625
4.2673321,88998.57813,99299.39063,94778.03125
4.2760568,0,40735.33594,99965.80469
4.2847818,89737.58594,54546.78516,92427.35938
4.2935067,0,68360.66406,65052.67188
4.3022296,52166.27734,113007.125,71564.4375
4.3109545,0,0,0
4.3196795,47004.77344,0,70831.50781
4.3284044,0,0,55780.62891
4.3371273,70325.78125,0,0
4.3458522,0,0,0
4.3545771,0,0,0
4.3633,0,0,0
4.372025,88413.10938,63126.73438,76930.57031
4.3807499,99428.39844,0,0
4.3894749,0,0,0
4.3981977,95356.71875,80599.71875,134927.7344
4.4069226,0,0,146788.8125
4.4156476,0,0,0
4.4243725,0,0,0
4.4330954,0,0,0
4.4418204,0,0,0
4.4505453,0,0,0
4.4592682,0,0,0
4.4679931,0,0,0
4.4767181,0,0,0
4.485443,41860.82422,0,0
4.4941659,0,0,0
4.5028908,0,38537.79297,0
4.511616,0,59468.67188,0
4.5203407,0,0,0
4.5290636,0,0,0
4.5377885,0,0,0
4.5465134,0,0,0
4.5552363,0,57784.53906,45737.06641
4.5639613,0,0,47586.10547
4.5726862,0,0,0
4.5814112,0,0,0
4.590134,0,0,45812.60156
4.5988589,0,58206.21875,0
4.6075839,0,84488.03125,81408.14844
4.6163089,0,0,0
4.6250317,77154.40625,0,0
4.6337566,0,0,0
4.6424816,0,0,0
4.6512045,0,0,0
4.6599294,52437.00781,0,50263.83984
4.6686543,0,61991.41797,0
4.6773793,0,0,79538.19531
4.6861022,0,0,0
4.6948271,0,0,0
4.703552,53237.26172,0,0
4.712277,36643.16797,0,0
4.7209999,0,0,0
4.7297248,0,0,0
4.7384497,0,0,0
4.7471747,67940.23438,0,0
4.7558976,195205.7344,0,0
4.7646225,99262.10938,44578.83594,0
4.7733475,124518.7656,0,0
4.7820703,64088.70313,0,0
4.7907952,0,0,51615.52734
4.7995202,67926.13281,0,0
4.8082451,46781.44141,0,0
4.816968,45914.76563,39915.28516,0
4.8256929,49019.53125,45879.92969,0
4.8344179,0,0,0
4.8431408,0,0,0
4.8518657,0,0,0
4.8605906,0,0,0
4.8693156,0,0,0
4.8780384,0,0,0
4.8867634,0,118132.0625,0
4.8954883,0,69555.27344,52460.76953
4.9042132,64630.92578,0,0
4.9129361,0,0,0
4.9216611,33138.94922,0,36812.09766
4.9303861,0,0,0
4.939111,0,35033.01563,0
4.9478338,52327.83203,90205.05469,48974.60547
4.9565588,0,0,0
4.9652837,0,29406.64453,0
4.9740066,0,0,0
4.9827315,0,0,0
4.9914564,0,0,0
5.0001814,66351.54688,43959.77734,0
5.0089043,0,0,0
5.0176293,0,0,0
5.0263541,0,0,70593.125
5.0350791,0,0,0
5.043802,0,0,0
5.0525269,0,0,0
5.0612518,0,43529.33984,0
5.0699747,0,52703.84766,0
5.0786996,41144.11719,0,0
5.0874246,0,0,131957.2344
5.0961495,0,0,0
5.1048724,0,81727.35156,0
5.1135973,0,0,0
5.1223223,0,0,0
5.1310472,0,0,0
5.1397701,0,0,0
5.148495,0,0,0
5.15722,0,0,76534.72656
5.1659428,28335.14453,0,0
5.1746678,0,41642.92188,76150.75781
5.1833927,48836.63281,0,57528.21094
5.1921177,94115.76563,0,0
5.2008405,0,0,42099.29297
5.2095655,196337.0156,0,0
5.2182904,180036.2656,0,27965.63867
5.2270154,0,0,31115.02734
5.2357382,33581.32813,0,0
5.2444633,31293.94336,0,29869.88086
5.2531882,65156.80469,0,0
5.2619131,0,0,0
5.2706359,36465.95703,0,0
5.2793609,0,0,0
5.2880858,0,0,0
5.2968087,63841.23047,0,0
5.3055336,0,0,0
5.3142586,78948.4375,0,0
5.3229835,0,0,0
5.3317064,43895.17969,0,0
5.3404313,32024.07813,0,0
5.3491566,77642.09375,19747.95703,0
5.3578812,54263.74219,0,0
5.3666041,0,0,0
5.375329,38389.89063,0,0
5.384054,0,74070.77344,0
5.3927768,0,0,0
5.4015018,81267.70313,0,0
5.4102267,40164.45313,0,0
5.418952,59073.75,0,36459.77344
5.4276745,0,0,0
5.4363995,57206.99609,43029.50781,0
5.4451244,39706.61328,0,0
5.4538494,0,30415.84766,36869.125
5.4625722,0,0,0
5.4712972,0,29514.85742,0
5.4800221,0,23461.52539,22605.875
5.488745,249015.625,37498.83984,0
5.4974699,87012.82031,0,34156.73438
5.5061949,0,0,0
5.5149198,47911.03906,0,0
5.5236427,0,24007.4082,0
5.5323676,0,0,0
5.5410926,109942.3203,0,0
5.5498175,0,0,0
5.5585404,0,0,0
5.5672653,0,0,0
5.5759903,60089.93359,0,27964.72461
5.5847152,0,0,0
5.5934381,33174,0,0
5.602163,36084.29688,0,35809.98828
5.610888,31514.08203,0,76369.82813
5.6196109,19492.48047,0,49721.83594
5.6283358,0,0,26366.42188
5.6370607,0,0,21664.97363
5.6457857,0,0,0
5.6545085,0,0,46962.97266
5.6632335,0,0,0
5.6719584,0,0,0
5.6806834,0,0,0
5.6894062,0,0,0
5.6981312,0,0,0
5.7068561,0,0,0
5.715579,0,43369.41797,0
5.7243039,49529.51953,0,0
5.7330289,34507.38672,0,0
5.7417538,49481.46484,0,0
5.7504767,44610.19141,0,0
5.7592016,0,0,0
5.7679266,65049.60547,0,0
5.7766515,0,0,0
5.7853744,0,0,0
5.7940993,0,33465.91797,0
5.8028243,54312.43359,0,0
5.8115471,0,0,0
5.8202721,33822.63672,0,0
5.828997,23675.25,18700.88867,0
5.837722,23400.13086,23277.625,0
5.8464448,0,0,0
5.8551698,19351.63086,71565.34375,13133.10449
5.8638947,0,57080.08984,0
5.8726197,19473.41797,39144.63672,21552.36719
5.8813425,29258.49023,35119.73047,0
5.8900675,34726.66797,0,0
5.8987924,0,0,0
5.9075174,0,0,0
5.9162402,0,0,0
5.9249652,0,0,0
5.9336901,0,0,0
5.942413,31194.79883,0,0
5.9511379,0,0,0
5.9598629,24501.07422,0,0
5.9685878,0,0,0
5.9773107,42792.33203,0,0
5.9860356,0,0,0
5.9947606,0,0,0
6.0034834,0,0,0
6.0122084,0,0,0
6.0209333,0,0,0
6.0296583,0,0,0
6.0383811,0,0,0
6.0471061,0,0,0
6.055831,0,0,0
6.064556,18126.61523,0,0
6.0732788,15787.42578,0,0
6.0820038,38338.85938,0,0
6.0907287,27332.19336,0,0
6.0994537,0,0,0
6.1081765,35843.44531,0,0
6.1169015,57010.41016,0,0
6.1256264,52025.80469,0,0
6.1343493,39643.41016,0,0
6.1430742,26965.82617,0,0
6.1517992,40852.30078,0,0
6.1605241,16331.2959,0,0
6.169247,24080.01563,0,0
6.1779719,0,0,0
6.1866969,0,0,0
6.1954218,27922.91992,0,0
6.2041447,0,0,0
6.2128696,0,0,0
6.2215945,39770.08203,0,0
6.2303174,0,0,0
6.2390424,0,0,0
6.2477673,0,0,0
6.2564923,27294.95508,0,0
6.2652151,23728.55664,0,0
6.2739401,0,0,0
6.282665,0,0,0
6.29139,0,0,0
6.3001128,0,0,0
6.3088377,0,0,0
6.3175627,0,0,0
6.3262856,0,0,0
6.3350105,0,0,0
6.3437355,0,0,0
6.3524604,0,0,0
6.3611833,0,0,0
6.3699082,0,0,0
6.3786332,0,0,0
6.3873581,0,0,0
6.3960809,0,0,0
6.4048059,0,0,0
6.4135308,0,0,0
6.4222537,0,0,0
6.4309786,0,0,0
6.4397036,0,0,0
6.4484286,0,0,0
6.4571514,0,0,0
6.4658763,0,0,0
6.4746013,0,0,0
6.4833263,0,0,0
6.4920491,0,0,0
6.5007743,0,0,0
6.509499,0,0,0
6.5182218,0,0,0
6.5269468,0,0,0
6.5356717,0,0,0
6.5443967,0,0,0
6.5531196,0,0,0
6.5618445,0,0,0
6.5705694,0,0,0
6.5792944,0,0,0
6.5880173,0,0,0
6.5967422,0,0,0
6.6054671,0,0,0
6.61419,0,0,0
6.622915,0,0,0
6.6316399,0,0,0
6.6403648,0,0,0
6.6490877,0,0,0
6.6578126,0,0,0
6.6665375,0,0,0
6.6752625,0,0,0
6.6839854,0,0,0
6.6927103,0,0,0
6.7014352,0,0,0
6.7101581,0,0,0
6.7188831,0,0,0
6.727608,0,0,0
6.736333,0,0,0
6.7450558,0,0,0
6.7537807,0,0,0
6.7625057,0,0,0
6.7712306,0,0,0
6.7799535,0,0,0
6.7886785,0,0,0
6.7974034,0,0,0
6.8061283,0,0,0
6.8148512,0,0,0
6.8235761,0,0,0
6.8323011,0,0,0
6.8410239,0,0,0
6.8497489,0,0,0
6.8584739,0,0,0
6.8671988,0,0,0
6.8759217,0,0,0
6.8846466,0,0,0
6.8933715,0,0,0
6.9020965,0,0,0
6.9108193,0,0,0
6.9195444,0,0,0
6.9282692,0,0,0
6.9369921,0,0,0
6.945717,0,0,0
6.954442,0,0,0
6.9631669,0,0,0
6.9718898,0,0,0
6.9806147,0,0,0
6.9893397,0,0,0
6.9980646,0,0,0
7.0067875,0,0,0
7.0155124,0,0,0
7.0242374,0,0,0
7.0329623,0,0,0
7.0416852,0,0,0
7.0504101,0,0,0
7.0591351,0,0,0
7.0678579,0,0,0
7.0765829,0,0,0
7.0853078,0,0,0
7.094033,0,0,0
7.1027557,0,0,0
7.1114806,0,0,0
7.1202055,0,0,0
7.1289305,0,0,0
7.1376533,0,0,0
7.1463783,0,0,0
7.1551032,0,0,0
7.1638261,0,0,0
7.172551,0,0,0
7.1812761,0,0,0
7.1900009,0,0,0
7.1987238,0,0,0
7.2074487,0,0,0
7.2161737,0,0,0
7.2248986,0,0,0
7.2336215,0,0,0
7.2423464,0,0,0
7.2510714,0,0,0
7.2597963,0,0,0
7.2685192,0,0,0
7.2772441,0,0,0
7.2859691,0,0,0
7.2946919,0,0,0
7.3034169,0,0,0
7.3121418,0,0,0
7.3208668,0,0,0
7.3295896,0,0,0
7.3383148,0,0,0
7.3470395,0,0,0
7.3557645,0,0,0
7.3644873,0,0,0
7.3732123,0,0,0
7.3819372,0,0,0
7.3906601,0,0,0
7.399385,0,0,0
7.40811,0,0,0
7.4168349,0,0,0
7.4255578,0,0,0
7.4342827,0,0,0
7.4430077,0,0,0
7.4517326,0,0,0
7.4604555,0,0,0
7.4691804,0,0,0
7.4779054,0,0,0
7.4866303,0,0,0
7.4953532,0,0,0
7.5040781,0,0,0
7.5128032,0,0,0
7.5215259,0,0,0
7.5302509,0,0,0
7.5389758,0,0,0
7.5477008,0,0,0
7.5564236,0,0,0
7.5651486,0,0,0
7.5738735,0,0,0
7.5825985,0,0,0
7.5913213,0,0,0
7.6000465,0,0,0
7.6087712,0,0,0
7.6174941,0,0,0
7.626219,0,0,0
7.634944,0,0,0
7.6436689,0,0,0
7.6523918,0,0,0
7.6611167,0,0,0
7.6698417,0,0,0
7.6785666,0,0,0
7.6872895,0,0,0
7.6960144,0,0,0
7.7047394,0,0,0
7.7134643,0,0,0
7.7221872,0,0,0
7.7309121,0,0,0
7.7396371,0,0,0
7.7483599,0,0,0
7.7570849,0,0,0
7.7658098,0,0,0
7.7745348,0,0,0
7.7832576,0,0,0
7.7919826,0,0,0
7.8007075,0,0,0
7.8094325,0,0,0
7.8181553,0,0,0
7.8268803,0,0,0
7.8356052,0,0,0
7.8443281,0,0,0
7.853053,0,0,0
7.861778,0,0,0
7.8705029,0,0,0
7.8792258,0,0,0
7.8879507,0,0,0
7.8966757,0,0,0
7.9054006,0,0,0
7.9141235,0,0,0
7.9228484,0,0,0
7.9315736,0,0,0
7.9402962,0,0,0
7.9490212,0,0,0
7.9577461,0,0,0
7.9664711,0,0,0
7.9751939,0,0,0
7.9839189,0,0,0
7.9926438,0,0,0
8.0013687,0,0,0
8.0100916,0,0,0
8.0188166,0,0,0
8.0275415,0,0,0
8.0362644,0,0,0
8.0449893,0,0,0
8.0537143,0,0,0
8.0624392,0,0,0
8.071162,0,0,0
8.079887,0,0,0
8.0886121,0,0,0
8.0973369,0,0,0
8.1060598,0,0,0
8.1147847,0,0,0
8.1235097,0,0,0
8.1322346,0,0,0
8.1409574,0,0,0
8.1496824,0,0,0
8.1584073,0,0,0
8.1671302,0,0,0
8.1758552,0,0,0
8.18458,0,0,0
8.193305,0,0,0
8.2020279,0,0,0
8.2107528,0,0,0
8.2194778,0,0,0
8.2282007,0,0,0
8.2369256,0,0,0
8.2456505,0,0,0
8.2543755,0,0,0
8.2630983,0,0,0
8.2718233,0,0,0
8.2805482,0,0,0
8.2892732,0,0,0
8.297996,0,0,0
8.3067209,0,0,0
8.315446,0,0,0
8.3241688,0,0,0
8.3328937,0,0,0
8.3416187,0,0,0
8.3503436,0,0,0
8.3590665,0,0,0
8.3677915,0,0,0
8.3765163,0,0,0
8.3852413,0,0,0
8.3939642,0,0,0
8.4026891,0,0,0
8.4114141,0,0,0
8.4201369,0,0,0
8.4288618,0,0,0
8.4375869,0,0,0
8.4463117,0,0,0
8.4550346,0,0,0
8.4637595,0,0,0
8.4724845,0,0,0
8.4812094,0,0,0
8.4899323,0,0,0
8.4986574,0,0,0
8.5073822,0,0,0
8.516105,0,0,0
8.52483,0,0,0
8.5335549,0,0,0
8.5422799,0,0,0
8.5510027,0,0,0
8.5597277,0,0,0
8.5684526,0,0,0
8.5771776,0,0,0
8.5859004,0,0,0
8.5946254,0,0,0
8.6033503,0,0,0
8.6120732,0,0,0
8.6207981,0,0,0
8.6295231,0,0,0
8.638248,0,0,0
8.6469709,0,0,0
8.6556958,0,0,0
8.6644208,0,0,0
8.6731457,0,0,0
8.6818688,0,0,0
8.6905935,0,0,0
8.6993185,0,0,0
8.7080413,0,0,0
8.7167663,0,0,0
8.7254912,0,0,0
8.7342162,0,0,0
8.742939,0,0,0
8.751664,0,0,0
8.7603889,0,0,0
8.7691139,0,0,0
8.7778367,0,0,0
8.7865617,0,0,0
8.7952866,0,0,0
8.8040095,0,0,0
8.8127344,0,0,0
8.8214594,0,0,0
8.8301843,0,0,0
8.8389072,0,0,0
8.8476321,0,0,0
8.8563572,0,0,0
8.865082,0,0,0
8.873805,0,0,0
8.8825299,0,0,0
8.8912549,0,0,0
8.8999797,0,0,0
8.9087026,0,0,0
8.9174275,0,0,0
8.9261526,0,0,0
8.9348753,0,0,0
8.9436004,0,0,0
8.9523252,0,0,0
8.9610503,0,0,0
8.969773,0,0,0
8.978498,0,0,0
8.9872229,0,0,0
8.9959479,0,0,0
9.0046707,0,0,0
9.013396,0,0,0
9.0221206,0,0,0
9.0308436,0,0,0
9.0395684,0,0,0
9.0482935,0,0,0
9.0570183,0,0,0
9.0657413,0,0,0
9.0744661,0,0,0
9.0831912,0,0,0
9.091916,0,0,0
9.1006389,0,0,0
9.1093638,0,0,0
9.1180888,0,0,0
9.1268137,0,0,0
9.1355367,0,0,0
9.1442615,0,0,0
9.1529865,0,0,0
9.1617093,0,0,0
9.1704343,0,0,0
9.1791592,0,0,0
9.1878843,0,0,0
9.196607,0,0,0
9.2053321,0,0,0
9.2140569,0,0,0
9.2227819,0,0,0
9.2315047,0,0,0
9.2402297,0,0,0
9.2489546,0,0,0
9.2576775,0,0,0
9.2664024,0,0,0
9.2751275,0,0,0
9.2838523,0,0,0
9.2925752,0,0,0
9.3013001,0,0,0
9.3100252,0,0,0
9.31875,0,0,0
9.3274729,0,0,0
9.3361978,0,0,0
9.344923,0,0,0
9.3536456,0,0,0
9.3623706,0,0,0
9.3710955,0,0,0
9.3798206,0,0,0
9.3885433,0,0,0
9.3972684,0,0,0
9.4059932,0,0,0
9.4147182,0,0,0
9.423441,0,0,0
9.432166,0,0,0
9.4408909,0,0,0
9.449616,0,0,0
9.4583387,0,0,0
9.4670638,0,0,0
9.4757886,0,0,0
9.4845115,0,0,0
9.4932364,0,0,0
9.5019615,0,0,0
9.5106863,0,0,0
9.5194093,0,0,0
9.5281341,0,0,0
9.5368591,0,0,0
9.545584,0,0,0
9.5543069,0,0,0
9.5630318,0,0,0
9.5717569,0,0,0
9.5804817,0,0,0
9.5892046,0,0,0
9.5979295,0,0,0
9.6066545,0,0,0
9.6153773,0,0,0
9.6241023,0,0,0
9.6328272,0,0,0
9.6415523,0,0,0
9.650275,0,0,0
9.659,0,0,0
9.6677249,0,0,0
9.6764501,0,0,0
9.6851727,0,0,0
9.6938977,0,0,0
9.7026226,0,0,0
9.7113455,0,0,0
9.7200704,0,0,0
9.7287954,0,0,0
9.7375204,0,0,0
9.7462431,0,0,0
9.7549681,0,0,0
9.763693,0,0,0
9.772416,0,0,0
9.7811408,0,0,0
9.7898658,0,0,0
9.7985907,0,0,0
9.8073137,0,0,0
9.8160385,0,0,0
9.8247636,0,0,0
9.8334884,0,0,0
9.8422113,0,0,0
9.8509362,0,0,0
9.8596613,0,0,0
9.8683861,0,0,0
9.8771091,0,0,0
9.8858339,0,0,0
9.894559,0,0,0
9.9032817,0,0,0
9.9120067,0,0,0
9.9207316,0,0,0
9.9294568,0,0,0
9.9381794,0,0,0
9.9469045,0,0,0
9.9556293,0,0,0
9.9643544,0,0,0
9.9730771,0,0,0
9.9818021,0,0,0
9.990527,0,0,0
9.9992501,0,0,0